{
    "1": {
        "question": "What is the surface area of a cube of length {}?",
        "callback_func": "geom_1",
        "question_type": "dynamic",
        "answer_type": "open",
        "args_ranges": [
            [
                "float",
                [
                    1,
                    10
                ]
            ]
        ]
    },
    "2": {
        "question": "What is the volume of half a sphere of radius {}?",
        "callback_func": "geom_2",
        "question_type": "dynamic",
        "answer_type": "mcq",
        "args_ranges": [
            [
                "float",
                [
                    1,
                    10
                ]
            ]
        ]
    },
    "3": {
        "question": "What is the surface area of a cylinder of radius {} and height {}?",
        "callback_func": "geom_3",
        "question_type": "dynamic",
        "answer_type": "mcq",
        "args_ranges": [
            [
                "float",
                [
                    10,
                    20
                ]
            ],
            [
                "float",
                [
                    1,
                    5
                ]
            ]
        ]
    },
    "4": {
        "question": "What is the surface area of a cylinder of radius {} and height {}?",
        "callback_func": "geom_4",
        "question_type": "dynamic",
        "answer_type": "open",
        "args_ranges": [
            [
                "float",
                [
                    100,
                    20
                ]
            ],
            [
                "float",
                [
                    4,
                    7
                ]
            ]
        ]
    },
    "5": {
        "question": "What is the volume of a trapezoid of sides {} and {}, and a height of {}?",
        "callback_func": "geom_5",
        "question_type": "dynamic",
        "answer_type": "mcq",
        "args_ranges": [
            [
                "float",
                [
                    1,
                    10
                ]
            ],
            [
                "float",
                [
                    2,
                    25
                ]
            ],
            [
                "float",
                [
                    10,
                    25
                ]
            ]
        ]
    },
    "6": {
        "question": "What is the derivative of x to power {}?",
        "callback_func": "deriv_1",
        "question_type": "dynamic",
        "answer_type": "mcq",
        "args_ranges": [
            [
                "int",
                [
                    5,
                    50
                ]
            ]
        ]
    },
    "7": {
        "question": "What is the derivative of ln(10.2 * x)?",
        "callback_func": "deriv_2",
        "question_type": "static",
        "answer_type": "mcq",
        "answer": "1/x",
        "options": [
            "2.5/x",
            "10.2/x",
            "5.1/x",
            "1/x"
        ]
    },
    "8": {
        "question": "What is the derivative of e^({}x)?",
        "callback_func": "deriv_3",
        "question_type": "dynamic",
        "answer_type": "mcq",
        "args_ranges": [
            [
                "int",
                [
                    -50,
                    -1
                ]
            ]
        ]
    },
    "9": {
        "question": "What is the derivative of ({}+{}x)^{}?",
        "callback_func": "deriv_4",
        "question_type": "dynamic",
        "answer_type": "mcq",
        "args_ranges": [
            [
                "int",
                [
                    2,
                    50
                ]
            ],
            [
                "int",
                [
                    1,
                    50
                ]
            ],
            [
                "int",
                [
                    5,
                    50
                ]
            ]
        ]
    },
    "10": {
        "question": "What is the derivative of sin({}x^{})?",
        "callback_func": "deriv_5",
        "question_type": "dynamic",
        "answer_type": "mcq",
        "args_ranges": [
            [
                "int",
                [
                    2,
                    50
                ]
            ],
            [
                "int",
                [
                    5,
                    50
                ]
            ]
        ]
    },
    "11": {
        "question": "You are to pick a new 6-digit pin for your bank account and it can't be the same as your previous ones. You've had {} previous codes. How many different possible combinations are there?",
        "callback_func": "pnc_1",
        "question_type": "dynamic",
        "answer_type": "open",
        "args_ranges": [
            [
                "int",
                [
                    1,
                    5
                ]
            ]
        ]
    },
    "12": {
        "question": "A mixed team of total {} players containing a minimum of {} girls is to be chosen from a group of {} boys and {} girls. How many different teams can be picked?",
        "callback_func": "pnc_2",
        "question_type": "dynamic",
        "answer_type": "open",
        "args_ranges": [
            [
                "int",
                [
                    6,
                    11
                ]
            ],
            [
                "int",
                [
                    1,
                    6
                ]
            ],
            [
                "int",
                [
                    5,
                    13
                ]
            ],
            [
                "int",
                [
                    6,
                    16
                ]
            ]
        ]
    },
    "13": {
            "question": "If you have {} books and want to arrange {} of them on a bookshelf, how many different ways can you do it?",
            "callback_func": "pnc_3",
            "question_type": "dynamic",
            "answer_type": "mcq",
            "args_ranges": [
                [
                    "int",
                    [
                        5,
                        20
                    ]
                ],
                [
                    "int",
                    [
                        2,
                        10
                    ]
                ]
            ]
        },
    "14": {
            "question": "There are {} oranges, {} apples and {} mangoes in a basket. In how many ways can a person select fruits among the fruits in the basket?",
            "callback_func": "pnc_4",
            "question_type": "dynamic",
            "answer_type": "mcq",
            "args_ranges": [
                [
                    "int",
                    [
                        1,
                        5
                    ]
                ],
                [
                    "int",
                    [
                        1,
                        5
                    ]
                ],
                [
                    "int",
                    [
                        1,
                        5
                    ]
                ]
            ]
        },
    "15": {
            "question": "There are {} students in a race. In how many different orders can they complete?",
            "callback_func": "pnc_5",
            "question_type": "dynamic",
            "answer_type": "open",
            "args_ranges": [
                [
                    "int",
                    [
                        2,
                        14
                    ]
                ]
            ]
        },
    "16": {
          "question": "What is the length of side a of a triangle with other sides, b = {}, c = {}, and angle A = {} rad?",
          "callback_func": "trigo_1",
          "question_type": "dynamic",
          "answer_type": "mcq",
          "args_ranges": [
              [
                  "float",
                  [
                      2,
                      11
                  ]
              ],
              [
                  "float",
                  [
                      2,
                      10
                  ]
              ],
              [
                  "float",
                  [
                      1,
                      3.14159 
                  ]
              ]
          ]
      },
    "17": {
        "question": "What is the length of side a of a triangle with side b = {}, with an angle of A = {} rad, B = {} rad?",
        "callback_func": "trigo_2",
        "question_type": "dynamic",
        "answer_type": "mcq",
        "args_ranges": [
            [
                "float",
                [
                    2,
                    11
                ]
            ],
            [
                "float",
                [
                    0.2,
                    1
                ]
            ],
            [
                "float",
                [
                    0.1,
                    1.212
                ]
            ]
        ]
    },
    "18": {
        "question": "Find the area of an isoceles triangle ABC where a = b = {}, and angle A = {} rad.",
        "callback_func": "trigo_3",
        "question_type": "dynamic",
        "answer_type": "open",
        "args_ranges": [
            [
                "float",
                [
                    1,
                    18
                ]
            ],
            [
                "float",
                [
                    0.113,
                    1.912 
                ]
            ]
        ]
    },
    "19": {
        "question": "If sin(A) = {}/{}, then what is the value of sin(90-A)?",
        "callback_func": "trigo_4",
        "question_type": "dynamic",
        "answer_type": "mcq",
        "args_ranges": [
            [
                "float",
                [
                    1,
                    8
                ]
            ],
            [
                "float",
                [
                    8.113,
                    21.912 
                ]
            ]
        ]
    },
    "20": {
        "question": "Find the area of a triangle with one of the angles being cos(A) = {}/{}",
        "callback_func": "trigo_5",
        "question_type": "dynamic",
        "answer_type": "open",
        "args_ranges": [
            [
                "float",
                [
                    2.113,
                    8.913 
                ]
            ],
            [
                "float",
                [
                    9.113,
                    23.913 
                ]
            ]
        ]
      },
     "21": {
        "question": "Given vector U = ({}, {}) and vector V = ({}, {}). What is U + V?",
        "callback_func": "vector_2",
        "question_type": "dynamic",
        "answer_type": "mcq",
        "args_ranges": [
              [
                "int",
                [
                    1,
                    20
                ]
              ],
              [
                "int",
                [
                    1,
                    20
                ]
              ],
              [
                "int",
                [
                    1,
                    20
                ]
              ],
              [
                "int",
                [
                    1,
                    20
                ]
              ]
        ]
    },
     "22": {
        "question": "Given OA = ({}, {}) and OB = ({}, {}). What is vector BA?\nHint: Vector OA (RED), Vector OB (BLUE), Vector BA (BLACK)",
        "callback_func": "vector_1",
        "question_type": "dynamic",
        "answer_type": "mcq",
        "args_ranges": [
            [
                "int",
                [
                    1,
                    20
                ]
            ],
            [
                "int",
                [
                    1,
                    20
                ]
            ],
            [
                "int",
                [
                    1,
                    20
                ]
            ],
            [
                "int",
                [
                    1,
                    20
                ]
            ]
        ]
    },
     "23": {
        "question": "Given vector N is ({}, {}) and vector M is the scalar multiple of Vector N by {}. What is vector M?",
        "callback_func": "vector_3",
        "question_type": "dynamic",
        "answer_type": "open",
        "args_ranges": [
              [
                "int",
                [
                    1,
                    20
                ]
              ],
              [
                "int",
                [
                    1,
                    20
                ]
              ],
              [
                "int",
                [
                    1,
                    20
                ]
              ]
        ]
    },
    "24": {
        "question": "Given Vector P is ({}, {}). Find the modulus of Vector P. Round off your answer to 2 decimal places.",
        "callback_func": "vector_4",
        "question_type": "dynamic",
        "answer_type": "open",
        "args_ranges": [
              [
                "int",
                [
                    1,
                    20
                ]
              ],
              [
                "int",
                [
                    1,
                    20
                ]
            ]
          ]
    },
    "25": {
        "question": "Is distance a vector or scalar quantity? Type your answer below.",
        "question_type": "static",
        "answer_type": "open",
        "answer": "scalar"
    },
    "26": {
        "question": "Is displacement a vector or scalar quantity? Type your answer below.",
        "question_type": "static",
        "answer_type": "open",
        "answer": "vector"
    },
    "27": {
        "question": "What are all values of x for the equation tan(x + 60) = 2cot(x), for 0 < x < 180.\n Round your answer in two decimal place. \nHint: Write the equation in the form of quadratic equation.\n",
        "question_type": "static",
        "answer_type": "mcq",
        "answer": "19.8 and 100.2",
        "options": ["19.8 and 100.2", "4.1 and 12.3", "12.1 only", "13.6 and -12.2"]
    },
    "28": {
        "question": "By first expanding cos(2x + x), solve the equation cos(3x) + 3cos x + 1 = 0, for 0 <= x <= 180",
        "question_type": "static",
        "answer_type": "open",
        "answer": "129.0"
    },
    "29": {
        "question": "What is the value of sin(12).sin(48).sin(54)?",
        "question_type": "static",
        "answer_type": "mcq",
        "answer": "1/8",
        "options": ["1/2", "1/4", "1/6", "1/8"]
    }
}
